<?xml version="1.0" encoding="UTF-8"?>
<project-private xmlns="http://www.netbeans.org/ns/project-private/1">
    <editor-bookmarks xmlns="http://www.netbeans.org/ns/editor-bookmarks/2" lastBookmarkId="0"/>
    <open-files xmlns="http://www.netbeans.org/ns/projectui-open-files/2">
        <group>
            <file>file:/home/sathish/NetBeansProjects/JIS/web/home.html</file>
            <file>file:/home/sathish/NetBeansProjects/JIS/web/search_cases.html</file>
            <file>file:/home/sathish/NetBeansProjects/JIS/src/java/create_accounts.java</file>
            <file>file:/home/sathish/NetBeansProjects/JIS/web/delete.js</file>
            <file>file:/home/sathish/NetBeansProjects/JIS/web/login.js</file>
            <file>file:/home/sathish/NetBeansProjects/JIS/web/index.html</file>
            <file>file:/home/sathish/NetBeansProjects/JIS/src/java/login.java</file>
            <file>file:/home/sathish/NetBeansProjects/JIS/src/java/old_case_update.java</file>
            <file>file:/home/sathish/NetBeansProjects/JIS/web/create_accounts.html</file>
            <file>file:/home/sathish/NetBeansProjects/JIS/src/java/case_result.java</file>
            <file>file:/home/sathish/NetBeansProjects/JIS/src/java/new_case_update.java</file>
            <file>file:/home/sathish/NetBeansProjects/JIS/web/new_case_update.html</file>
            <file>file:/home/sathish/NetBeansProjects/JIS/src/java/pending_cases.java</file>
            <file>file:/home/sathish/NetBeansProjects/JIS/web/create.js</file>
            <file>file:/home/sathish/NetBeansProjects/JIS/web/home_page.css</file>
            <file>file:/home/sathish/NetBeansProjects/JIS/src/java/delete_accounts.java</file>
            <file>file:/home/sathish/NetBeansProjects/JIS/src/java/search_cases.java</file>
            <file>file:/home/sathish/NetBeansProjects/JIS/src/java/search_cin.java</file>
            <file>file:/home/sathish/NetBeansProjects/JIS/web/dummy.html</file>
            <file>file:/home/sathish/NetBeansProjects/JIS/web/old_case_update.html</file>
            <file>file:/home/sathish/NetBeansProjects/JIS/web/case_completed.html</file>
        </group>
    </open-files>
</project-private>
